comment,platform,created_at,topic_category
Vinyl collection is getting out of control lol,instagram,2024-01-24 12:22:03,music
Humidity today is genuinely unbearable outside,facebook,2024-04-20 23:22:04,weather_climate
Rewatching the original trilogy and it still holds up,facebook,2024-07-24 11:42:11,movies_tv
"can't believe he missed that penalty, easy goal too",twitter,2024-08-29 07:16:05,sports
Lyrics on this one are surprisingly deep 😭,instagram,2024-04-02 23:51:26,music
That live performance gave me actual chills,twitter,2024-05-25 14:26:21,music
That dessert place raised their prices way too much,reddit,2024-07-28 10:01:28,food
Opening act completely stole the show tonight,facebook,2024-12-04 19:11:56,music
New exchange listing caused a small price pump 🔥,facebook,2024-09-26 12:04:51,crypto_finance
honestly new jersey design is actually fire ngl,facebook,2024-06-03 01:05:14,sports
Visa process took way longer than I anticipated,tiktok,2024-02-06 07:02:41,travel
"Cloud storage subscription price hike again, not worth it 😩",tiktok,2024-02-03 18:19:43,tech_gadgets
"That plot twist came out of nowhere, didn't see it coming",instagram,2024-06-13 12:02:20,movies_tv
"honestly watching the finals tonight, who's everyone rooting for",facebook,2024-10-08 05:51:34,sports
The cinematography in this film is gorgeous honestly 👏,tiktok,2024-07-01 11:54:06,movies_tv
support group meeting tonight was exactly what i needed,reddit,2024-11-11 22:09:47,mental_health
Acoustic version is somehow better than the original,instagram,2024-04-16 02:33:48,music
Support team actually went above and beyond this time,twitter,2024-03-13 20:23:45,customer_service
Portfolio is finally green after months of red,reddit,2024-09-08 12:33:27,crypto_finance
honestly puppy training is rough but progress is happening slowly,facebook,2024-09-09 08:54:59,pets_animals
Anyone else having wifi issues since the latest router firmware,tiktok,2024-09-21 18:50:24,tech_gadgets
so true,twitter,2024-06-10 18:26:12,noise
Multiplayer lobby took forever to load tonight,reddit,2024-03-24 13:17:28,gaming
Portfolio is finally green after months of red,instagram,2024-04-06 22:32:57,crypto_finance
New chip benchmarks look really impressive ngl,twitter,2024-10-29 07:24:14,tech_gadgets
Injury report not looking good for our star player,reddit,2024-10-02 15:39:19,sports
Found the perfect harness after trying like five different ones,facebook,2024-12-19 00:57:34,pets_animals
He's playing like a completely different player this season,instagram,2024-01-18 16:14:13,sports
backpacking through here was exhausting but so worth it,tiktok,2024-04-26 21:03:22,travel
Cat knocked everything off my desk again this morning,twitter,2024-11-18 21:07:26,pets_animals
Return policy is way too strict for online orders,reddit,2024-10-22 09:54:41,customer_service
casting choice for the lead was perfect,reddit,2024-04-12 18:40:50,movies_tv
"Self care sunday, doing absolutely nothing and loving it 😂",reddit,2024-03-02 03:09:59,mental_health
This coin's roadmap update looks promising honestly,reddit,2024-11-07 04:16:38,crypto_finance
new gym membership price is honestly outrageous now,reddit,2024-11-04 05:47:11,fitness
Old school playlist hitting different tonight 🔥,tiktok,2024-09-12 06:53:45,music
Finally hit my step goal after weeks of trying,tiktok,2024-10-27 20:10:53,fitness
"Returned that order, fabric quality was disappointing",tiktok,2024-05-08 14:32:25,fashion
Finally beat the final boss after like 20 tries,reddit,2024-04-26 22:55:57,gaming
Portfolio is finally green after months of red,facebook,2024-08-30 21:13:55,crypto_finance
Soundtrack alone deserves an award this year,instagram,2024-04-07 20:46:15,movies_tv
return policy is way too strict for online orders,instagram,2024-03-22 08:44:49,customer_service
Budget proposal includes some surprising cuts 😭,tiktok,2024-02-20 21:07:54,politics_news
"This album is on repeat, can't stop listening 👏",tiktok,2024-12-23 01:18:32,music
"Can't believe he missed that penalty, easy goal too",twitter,2024-02-03 06:20:52,sports
New patch notes look promising for balance 👏,tiktok,2024-06-04 12:27:46,gaming
New single dropped and it's already stuck in my head,instagram,2024-10-28 16:37:57,music
"Market dipped hard again, didn't expect that this week",facebook,2024-02-22 00:21:50,crypto_finance
grooming appointment turned into a whole ordeal today,reddit,2024-03-01 04:11:37,pets_animals
Controller drift is getting unbearable at this point,twitter,2024-07-01 12:48:51,gaming
Drought conditions are seriously affecting local farms,reddit,2024-03-28 06:19:51,weather_climate
That live performance gave me actual chills,reddit,2024-07-16 21:07:45,music
Portfolio is finally green after months of red,reddit,2024-09-17 02:17:54,crypto_finance
"Finally got the new console, setup was super easy",twitter,2024-04-17 16:23:19,tech_gadgets
just finished the new season and i have so many questions,tiktok,2024-06-26 12:36:27,movies_tv
Litter training this kitten has been surprisingly easy 👏,tiktok,2024-08-06 15:28:51,pets_animals
Refund process was actually smoother than I expected,twitter,2024-08-12 02:13:37,customer_service
My dog learned a new trick today and I'm so proud 🔥,facebook,2024-09-25 15:55:25,pets_animals
Protein shake recipes that actually taste good please 🔥,twitter,2024-05-02 13:33:58,fitness
Anyone else having wifi issues since the latest router firmware,twitter,2024-05-20 03:47:57,tech_gadgets
Production on this track is so clean honestly,facebook,2024-02-20 01:54:59,music
"Still holding through this volatility, long term plan!!",tiktok,2024-03-22 19:12:38,crypto_finance
Adopted a new rescue and she's already settling in great,instagram,2024-03-26 01:16:12,pets_animals
Return policy is way too strict for online orders,twitter,2024-01-18 19:06:51,customer_service
Our team needs a new coach asap this season is a disaster,tiktok,2024-05-08 22:24:53,sports
Software update broke half the features I actually used 😩,reddit,2024-12-22 00:41:46,tech_gadgets
"This beat switch caught me off guard, amazing 💯",instagram,2024-12-12 03:48:48,music
"that plot twist came out of nowhere, didn't see it coming",tiktok,2024-02-22 16:28:50,movies_tv
Debate last night didn't really answer the actual questions,facebook,2024-03-14 22:44:56,politics_news
New character is way overpowered ngl needs a nerf,twitter,2024-01-30 03:26:03,gaming
honestly cgi looked a little cheap in some scenes,facebook,2024-08-10 16:28:20,movies_tv
????,twitter,2024-01-18 14:15:28,noise
Finally beat the final boss after like 20 tries!!,tiktok,2024-07-07 23:44:45,gaming
????,reddit,2024-05-07 08:51:47,noise
Hotel view was way better than the pictures showed 😩,reddit,2024-02-09 13:47:20,travel
"She finally stopped chewing on the furniture, miracle",reddit,2024-05-21 10:47:24,pets_animals
Casting choice for the lead was perfect,tiktok,2024-10-06 22:42:53,movies_tv
These shoes are comfortable but way overpriced honestly,reddit,2024-08-31 23:41:48,fashion
Flooding in the area is way worse than last season,tiktok,2024-07-02 20:24:20,weather_climate
"Small wins matter, proud of myself for getting out today",twitter,2024-09-06 00:13:18,mental_health
honestly vet bill this month was brutal but he's worth it,twitter,2024-10-26 14:54:50,pets_animals
"Thrifted this jacket for almost nothing, such a steal",tiktok,2024-04-22 11:56:07,fashion
honestly flooding in the area is way worse than last season,facebook,2024-03-09 05:05:02,weather_climate
honestly policy debate online got way too heated for no reason,twitter,2024-02-04 23:19:06,politics_news
"Finally got the new console, setup was super easy",facebook,2024-01-10 15:01:32,tech_gadgets
Brunch spot was packed but totally worth the wait,tiktok,2024-10-25 00:59:22,food
cat knocked everything off my desk again this morning,twitter,2024-08-24 16:52:30,pets_animals
Casting choice for the lead was perfect,twitter,2024-05-14 20:10:25,movies_tv
refund process was actually smoother than i expected,reddit,2024-07-27 06:32:43,customer_service
This show dragged way too much in the middle episodes,twitter,2024-07-16 04:00:39,movies_tv
Finally watched it and yeah it lives up to the hype,tiktok,2024-08-18 21:19:12,movies_tv
Senior dog is slowing down but still so happy,tiktok,2024-04-13 18:13:46,pets_animals
"That plot twist came out of nowhere, didn't see it coming",reddit,2024-07-30 21:16:12,movies_tv
Sustainable fashion brands deserve more attention honestly,twitter,2024-01-02 09:02:53,fashion
Litter training this kitten has been surprisingly easy,tiktok,2024-04-27 03:23:54,pets_animals
Anyone else having wifi issues since the latest router firmware,instagram,2024-02-09 16:40:07,tech_gadgets
Debate last night didn't really answer the actual questions,twitter,2024-09-23 07:00:11,politics_news
This artist's growth over the years is incredible 😂,facebook,2024-07-13 23:02:43,music
New aquarium setup is finally looking the way I wanted 😂,instagram,2024-06-21 02:06:44,pets_animals
Therapy is expensive but honestly worth every penny 😭,facebook,2024-10-05 10:18:19,mental_health
Journaling every night has genuinely helped my mood,facebook,2024-03-31 21:03:55,mental_health
Anyone else having wifi issues since the latest router firmware,tiktok,2024-04-12 00:55:45,tech_gadgets
Multiplayer lobby took forever to load tonight 😂,facebook,2024-06-23 02:13:40,gaming
this,facebook,2024-05-24 22:27:38,noise
New accessory line looks surprisingly affordable,instagram,2024-01-08 01:55:15,fashion
Can we talk about that ending for a second,instagram,2024-05-25 08:44:18,movies_tv
Order never shipped and tracking hasn't updated in days,reddit,2024-06-26 09:33:30,customer_service
"She finally stopped chewing on the furniture, miracle",facebook,2024-01-06 09:43:52,pets_animals
Story mode had me crying not gonna lie,instagram,2024-02-14 17:29:37,gaming
Finally hit my step goal after weeks of trying,tiktok,2024-12-23 18:08:12,fitness
Package arrived damaged and they're refusing a replacement 😂,reddit,2024-06-05 19:27:39,customer_service
New report on inflation numbers just dropped,tiktok,2024-01-04 18:07:41,politics_news
New gym membership price is honestly outrageous now 😂,reddit,2024-11-03 19:50:01,fitness
Sustainable fashion brands deserve more attention honestly,facebook,2024-11-24 06:48:13,fashion
Refund process was actually smoother than I expected,facebook,2024-02-08 17:22:49,customer_service
Flooding in the area is way worse than last season,tiktok,2024-03-15 04:46:29,weather_climate
Protein shake recipes that actually taste good please,facebook,2024-02-11 10:04:49,fitness
Software update broke half the features I actually used,instagram,2024-10-12 03:14:15,tech_gadgets
"Overtime thriller, my heart can't take this",tiktok,2024-02-27 12:20:02,sports
New regulation news is making the whole market jittery,tiktok,2024-06-16 01:44:54,crypto_finance
Speedrun community already found a new glitch,facebook,2024-10-01 16:35:39,gaming
"trade deadline is coming up, we need a striker fr",twitter,2024-06-26 06:31:57,sports
honestly this recipe turned out so much better than i expected,twitter,2024-11-21 21:41:23,food
Why did they kill off my favorite character like that 👏,tiktok,2024-08-19 12:18:17,movies_tv
This brand's customer service was actually really responsive,reddit,2024-04-13 14:48:34,fashion
"Self care sunday, doing absolutely nothing and loving it",twitter,2024-10-29 01:32:44,mental_health
Humidity today is genuinely unbearable outside,instagram,2024-10-16 22:26:14,weather_climate
"Servers have been down all night, so frustrating",facebook,2024-01-17 22:49:20,gaming
based,twitter,2024-08-19 19:36:03,noise
Order never shipped and tracking hasn't updated in days,reddit,2024-11-22 04:05:22,customer_service
Litter training this kitten has been surprisingly easy,twitter,2024-08-20 14:34:05,pets_animals
This artist's growth over the years is incredible,instagram,2024-03-14 17:22:55,music
nice,instagram,2024-09-11 14:33:02,noise
Our team needs a new coach asap this season is a disaster,facebook,2024-04-12 23:52:17,sports
Flooding in the area is way worse than last season,instagram,2024-03-17 05:39:59,weather_climate
Election coverage has been nonstop on every channel,instagram,2024-11-05 06:19:50,politics_news
soundtrack alone deserves an award this year,reddit,2024-12-18 19:00:30,movies_tv
Staking rewards dropped again after the last update,tiktok,2024-08-03 05:04:14,crypto_finance
Baking bread from scratch is way harder than it looks 😭,facebook,2024-09-03 21:00:30,food
Temperature swings this week have been wild honestly 👏,instagram,2024-06-27 11:30:27,weather_climate
honestly vintage market finds hit different every single time,instagram,2024-02-28 15:01:29,fashion
honestly temperature swings this week have been wild honestly,tiktok,2024-01-16 23:57:31,weather_climate
Jet lag is hitting different this time around,facebook,2024-11-15 18:04:45,travel
"Self care sunday, doing absolutely nothing and loving it",facebook,2024-12-02 00:48:47,mental_health
Travel insurance actually paid off for once,tiktok,2024-09-14 01:05:15,travel
Just finished the new season and I have so many questions,facebook,2024-07-20 01:44:08,movies_tv
Voter turnout numbers came in higher than expected,instagram,2024-08-26 18:49:52,politics_news
Lyrics on this one are surprisingly deep,tiktok,2024-02-23 11:24:41,music
"Cloud storage subscription price hike again, not worth it!!",twitter,2024-01-18 20:40:00,tech_gadgets
nice,twitter,2024-05-23 01:20:37,noise
Soundtrack alone deserves an award this year,twitter,2024-04-06 05:08:19,movies_tv
This app keeps crashing every time I open the camera,tiktok,2024-03-05 03:05:41,tech_gadgets
Order never shipped and tracking hasn't updated in days 🔥,instagram,2024-11-01 23:05:21,customer_service
Protein shake recipes that actually taste good please,reddit,2024-01-10 11:39:40,fitness
"Crowd was electric tonight, stadium was shaking",twitter,2024-10-17 11:38:15,sports
"Lost my whole save file after that crash, devastated",facebook,2024-12-16 11:22:37,gaming
He slept through the entire thunderstorm somehow,instagram,2024-09-16 08:43:04,pets_animals
new character is way overpowered ngl needs a nerf,twitter,2024-11-25 08:14:31,gaming
He slept through the entire thunderstorm somehow,reddit,2024-06-14 02:34:56,pets_animals
App support response time has gotten so much worse lately 😂,tiktok,2024-04-12 18:46:18,customer_service
Finally got a human on the phone instead of a bot,twitter,2024-07-09 09:38:12,customer_service
honestly new wallet update fixed that annoying sync bug,tiktok,2024-01-04 00:54:59,crypto_finance
Binge watched the whole series in one weekend oops,facebook,2024-12-28 04:57:23,movies_tv
Sequel was way better than the first one imo 👏,instagram,2024-08-22 11:01:08,movies_tv
Election coverage has been nonstop on every channel,reddit,2024-06-19 17:25:12,politics_news
Cat knocked everything off my desk again this morning,twitter,2024-12-04 01:49:16,pets_animals
The new earbuds have insane noise cancellation honestly,instagram,2024-12-23 21:21:08,tech_gadgets
"Refs robbed us tonight, that was NOT a foul",instagram,2024-03-10 08:22:21,sports
Budget proposal includes some surprising cuts!!,facebook,2024-07-14 07:25:48,politics_news
My cat refuses to eat anything but one specific brand,reddit,2024-04-01 18:11:07,pets_animals
The cinematography in this film is gorgeous honestly!!,reddit,2024-08-21 22:45:55,movies_tv
Talking to a professional finally instead of bottling it up,facebook,2024-08-20 00:05:44,mental_health
check my bio for free followers,tiktok,2024-10-14 02:57:21,noise
"Best comeback I've seen in years, what a game",facebook,2024-02-14 07:22:09,sports
"Market dipped hard again, didn't expect that this week",tiktok,2024-04-03 23:01:36,crypto_finance
just upgraded my laptop and the speed difference is wild,instagram,2024-05-20 15:29:17,tech_gadgets
Graphics card prices are finally coming down a bit,instagram,2024-05-09 02:33:53,tech_gadgets
"road trip playlist is locked in, ready to go",facebook,2024-06-02 15:33:23,travel
honestly gas fees are out of control on this network right now,facebook,2024-12-17 01:39:05,crypto_finance
"honestly hurricane warning issued, stocking up on supplies now",reddit,2024-03-27 13:47:53,weather_climate
Lost my luggage but the airline handled it pretty well,instagram,2024-06-10 08:39:02,travel
Reminder that it's okay to rest without guilt 😭,facebook,2024-08-20 01:16:42,mental_health
Grateful for friends who check in without being asked,instagram,2024-08-05 01:31:52,mental_health
Opening act completely stole the show tonight,instagram,2024-07-15 22:43:27,music
Cat knocked everything off my desk again this morning 😂,reddit,2024-01-06 18:30:29,pets_animals
Hit a new deadlift PR today feeling unstoppable,reddit,2024-04-21 02:44:48,fitness
Burnt the garlic again why do I always do this,reddit,2024-07-28 11:22:36,food
Finally watched it and yeah it lives up to the hype 😭,twitter,2024-07-18 16:16:56,movies_tv
Vinyl collection is getting out of control lol,instagram,2024-04-03 21:09:36,music
"That plot twist came out of nowhere, didn't see it coming",tiktok,2024-04-12 23:50:49,movies_tv
My dog learned a new trick today and I'm so proud,tiktok,2024-02-18 11:27:50,pets_animals
Finally beat the final boss after like 20 tries 😩,twitter,2024-02-05 15:14:36,gaming
Finally found jeans that actually fit properly,twitter,2024-03-29 22:52:57,fashion
Local election results are still being counted,twitter,2024-10-03 06:44:15,politics_news
Support team actually went above and beyond this time,instagram,2024-02-02 13:46:22,customer_service
"Watching the finals tonight, who's everyone rooting for 💯",reddit,2024-05-20 18:57:59,sports
Found a great vegan substitute for cheese finally,tiktok,2024-10-22 05:39:04,food
Big institutional buy in just got announced,tiktok,2024-02-20 09:33:19,crypto_finance
"Form check please, my shoulder feels weird during presses",facebook,2024-09-27 18:27:12,fitness
These shoes are comfortable but way overpriced honestly,twitter,2024-11-28 04:08:20,fashion
Finally got a human on the phone instead of a bot 🔥,facebook,2024-12-09 13:20:49,customer_service
"Finally got the new console, setup was super easy!!",instagram,2024-02-16 14:20:06,tech_gadgets
support group meeting tonight was exactly what i needed,reddit,2024-11-18 20:41:51,mental_health
new aquarium setup is finally looking the way i wanted,tiktok,2024-05-27 17:22:48,pets_animals
New collection drop sold out within minutes again 😭,reddit,2024-03-27 16:28:29,fashion
support team actually went above and beyond this time,tiktok,2024-02-01 02:41:34,customer_service
Journaling every night has genuinely helped my mood 💯,facebook,2024-05-14 06:02:14,mental_health
new report on inflation numbers just dropped,twitter,2024-06-23 23:10:47,politics_news
Switched to a home workout setup and loving it,instagram,2024-03-12 14:23:38,fitness
Finally watched it and yeah it lives up to the hype,twitter,2024-04-29 23:27:47,movies_tv
VAR ruined the game again smh,instagram,2024-08-11 19:00:40,sports
Acoustic version is somehow better than the original,facebook,2024-10-10 08:28:53,music
New exchange listing caused a small price pump,instagram,2024-10-16 15:24:17,crypto_finance
"Market dipped hard again, didn't expect that this week",tiktok,2024-08-07 04:30:52,crypto_finance
Why did they kill off my favorite character like that,twitter,2024-06-28 05:00:21,movies_tv
Billing error charged me twice and nobody can explain why,facebook,2024-01-14 12:20:59,customer_service
The new earbuds have insane noise cancellation honestly,tiktok,2024-06-07 10:44:55,tech_gadgets
Casting choice for the lead was perfect,facebook,2024-10-15 16:07:47,movies_tv
Refund process was actually smoother than I expected 😂,instagram,2024-11-11 06:14:17,customer_service
Street style at the show this week was unreal,tiktok,2024-08-24 12:00:49,fashion
nice,tiktok,2024-04-26 10:15:02,noise
Street style at the show this week was unreal,twitter,2024-08-24 13:30:44,fashion
vinyl collection is getting out of control lol,reddit,2024-11-03 14:35:13,music
Whale activity spiking again on the charts 💯,reddit,2024-12-17 19:48:42,crypto_finance
These shoes are comfortable but way overpriced honestly!!,twitter,2024-10-04 02:43:12,fashion
Public transport in this city is surprisingly efficient,tiktok,2024-06-04 02:40:57,travel
Reminder that it's okay to rest without guilt,facebook,2024-08-25 22:20:00,mental_health
New collection drop sold out within minutes again,twitter,2024-10-19 21:57:46,fashion
"Trade deadline is coming up, we need a striker fr!!",reddit,2024-09-04 17:22:33,sports
New accessory line looks surprisingly affordable 👏,instagram,2024-11-06 22:03:46,fashion
That dessert place raised their prices way too much,instagram,2024-07-02 19:06:26,food
This city's food scene completely exceeded expectations,tiktok,2024-10-18 14:41:18,travel
NFT market has cooled off a lot since last year!!,reddit,2024-04-09 19:08:05,crypto_finance
CGI looked a little cheap in some scenes,facebook,2024-12-30 16:36:32,movies_tv
"She finally stopped chewing on the furniture, miracle",tiktok,2024-01-15 15:49:55,pets_animals
New collection drop sold out within minutes again,facebook,2024-12-03 03:12:18,fashion
Rest days are just as important as training days fr,instagram,2024-06-19 03:23:19,fitness
Jet lag is hitting different this time around,tiktok,2024-10-24 10:05:39,travel
New policy announcement is getting mixed reactions online,instagram,2024-10-19 14:53:49,politics_news
He slept through the entire thunderstorm somehow,tiktok,2024-10-22 02:34:06,pets_animals
New exchange listing caused a small price pump,reddit,2024-08-17 20:03:16,crypto_finance
Street style at the show this week was unreal,tiktok,2024-07-07 04:46:17,fashion
Interest rate news is shaking up the whole market,facebook,2024-12-28 06:48:47,crypto_finance
Grateful for friends who check in without being asked,reddit,2024-01-18 05:14:18,mental_health
Grateful for friends who check in without being asked,instagram,2024-10-28 06:25:47,mental_health
Trying to build a capsule wardrobe this year,reddit,2024-03-04 11:01:17,fashion
Cardio is rough but the endorphins are so worth it,twitter,2024-09-21 04:42:03,fitness
"Thrifted this jacket for almost nothing, such a steal 👏",reddit,2024-12-02 15:38:24,fashion
My smart home setup keeps disconnecting randomly 💯,tiktok,2024-05-08 00:31:23,tech_gadgets
That live performance gave me actual chills,reddit,2024-09-15 00:23:21,music
"Cloud storage subscription price hike again, not worth it",facebook,2024-11-07 13:22:24,tech_gadgets
Big institutional buy in just got announced!!,twitter,2024-11-19 08:39:31,crypto_finance
subscribe to my channel for more!!!,reddit,2024-03-18 07:21:14,noise
Budget proposal includes some surprising cuts,reddit,2024-09-12 20:56:02,politics_news
Vinyl collection is getting out of control lol,twitter,2024-03-21 07:50:10,music
Drought conditions are seriously affecting local farms,reddit,2024-10-03 21:09:57,weather_climate
New accessory line looks surprisingly affordable,tiktok,2024-11-07 02:45:20,fashion
Multiplayer lobby took forever to load tonight,instagram,2024-04-21 10:13:46,gaming
honestly ranked grind this season feels way more toxic,tiktok,2024-01-21 08:04:55,gaming
Sustainable fashion brands deserve more attention honestly,tiktok,2024-01-15 06:02:31,fashion
Policy debate online got way too heated for no reason,tiktok,2024-06-15 12:59:01,politics_news
so true,facebook,2024-07-20 16:31:54,noise
"Snow came out of nowhere today, roads are a mess!!",twitter,2024-10-15 07:49:30,weather_climate
Tour dates just dropped and my city isn't on it ugh,tiktok,2024-05-05 17:46:07,music
Therapy is expensive but honestly worth every penny,instagram,2024-01-12 05:51:47,mental_health
Coffee shop on main street has the best cold brew,tiktok,2024-09-11 06:17:55,food
Lyrics on this one are surprisingly deep,reddit,2024-07-17 12:29:13,music
New accessory line looks surprisingly affordable 🔥,tiktok,2024-04-27 23:57:08,fashion
"Chat support resolved my issue in like two minutes, impressive",reddit,2024-06-09 17:01:19,customer_service
Finally beat the final boss after like 20 tries 😂,instagram,2024-07-10 07:35:39,gaming
This coin's roadmap update looks promising honestly,twitter,2024-07-15 11:53:46,crypto_finance
Lost my luggage but the airline handled it pretty well 😩,facebook,2024-04-16 14:20:33,travel
"Small wins matter, proud of myself for getting out today 😭",tiktok,2024-09-02 20:42:09,mental_health
New legislation could change a lot for small businesses,twitter,2024-02-05 20:17:02,politics_news
honestly hidden gem restaurant we found was incredible,tiktok,2024-11-08 20:03:53,travel
NFT market has cooled off a lot since last year,reddit,2024-06-08 05:16:39,crypto_finance
First frost of the season hit earlier than expected,instagram,2024-06-13 06:42:55,weather_climate
"small wins matter, proud of myself for getting out today",tiktok,2024-10-06 20:47:03,mental_health
honestly vinyl collection is getting out of control lol,reddit,2024-11-18 11:44:11,music
Delivery driver left the package in the rain again,twitter,2024-08-10 22:39:58,customer_service
Baking bread from scratch is way harder than it looks,instagram,2024-10-27 17:38:17,food
Cat knocked everything off my desk again this morning,instagram,2024-04-17 21:56:55,pets_animals
Package arrived damaged and they're refusing a replacement,twitter,2024-08-12 17:43:57,customer_service
return policy is way too strict for online orders,reddit,2024-05-17 19:12:30,customer_service
"Overtime thriller, my heart can't take this",tiktok,2024-05-27 17:24:29,sports
Customer support took three days to even respond to my ticket!!,instagram,2024-11-21 05:50:28,customer_service
Travel insurance actually paid off for once,facebook,2024-04-04 18:05:59,travel
hit a new deadlift pr today feeling unstoppable,instagram,2024-09-30 00:19:08,fitness
"cloud storage subscription price hike again, not worth it",facebook,2024-06-07 07:06:05,tech_gadgets
Big institutional buy in just got announced 🔥,tiktok,2024-06-11 22:12:29,crypto_finance
Drought conditions are seriously affecting local farms,reddit,2024-10-15 19:22:15,weather_climate
acoustic version is somehow better than the original,twitter,2024-04-18 07:47:58,music
Press conference raised more questions than answers honestly 😭,instagram,2024-01-30 19:11:05,politics_news
New accessory line looks surprisingly affordable!!,instagram,2024-12-26 19:04:42,fashion
"Finally got the new console, setup was super easy",facebook,2024-12-04 17:11:01,tech_gadgets
"Cloud storage subscription price hike again, not worth it",tiktok,2024-08-11 18:40:54,tech_gadgets
Hit a new deadlift PR today feeling unstoppable 😩,tiktok,2024-08-16 00:22:56,fitness
Can we talk about that ending for a second 💯,reddit,2024-08-16 12:39:33,movies_tv
Some days are harder than others and that's okay,twitter,2024-07-10 23:16:13,mental_health
Grooming appointment turned into a whole ordeal today 😭,reddit,2024-02-05 00:06:14,pets_animals
Flooding in the area is way worse than last season,facebook,2024-02-17 03:46:23,weather_climate
VAR ruined the game again smh,facebook,2024-07-20 13:05:36,sports
New update completely broke the matchmaking system,reddit,2024-11-07 04:51:49,gaming
this color palette for fall is everything right now,twitter,2024-05-15 23:17:56,fashion
Protein shake recipes that actually taste good please,twitter,2024-05-14 01:14:39,fitness
Anyone else having wifi issues since the latest router firmware 😩,twitter,2024-08-07 00:34:38,tech_gadgets
Adopted a new rescue and she's already settling in great,facebook,2024-06-23 01:17:22,pets_animals
Rewatching the original trilogy and it still holds up 😭,tiktok,2024-04-12 17:30:47,movies_tv
"That dunk was unreal, replay it like 10 times already",reddit,2024-02-20 04:05:52,sports
Cat knocked everything off my desk again this morning!!,tiktok,2024-02-27 05:23:20,pets_animals
"This beat switch caught me off guard, amazing",facebook,2024-05-29 22:30:53,music
Tour dates just dropped and my city isn't on it ugh 😭,reddit,2024-10-14 20:46:22,music
He slept through the entire thunderstorm somehow,twitter,2024-05-08 00:56:26,pets_animals
DCA strategy finally paying off after a rough year 😂,reddit,2024-03-05 14:07:54,crypto_finance
beach was way more crowded than expected this season,twitter,2024-02-25 10:48:03,travel
New policy announcement is getting mixed reactions online,reddit,2024-06-21 12:13:55,politics_news
Live chat agent was super helpful and quick honestly,twitter,2024-07-01 07:58:10,customer_service
"Crowd was electric tonight, stadium was shaking",twitter,2024-12-19 15:33:54,sports
"Crowd was electric tonight, stadium was shaking 😩",tiktok,2024-08-07 12:17:48,sports
"Form check please, my shoulder feels weird during presses 👏",instagram,2024-09-20 03:47:28,fitness
ok,reddit,2024-08-23 10:45:27,noise
Packing light for once and feeling good about it!!,twitter,2024-08-26 18:26:26,travel
acoustic version is somehow better than the original,reddit,2024-08-10 01:32:25,music
Local town hall meeting addressed the housing issue finally 👏,instagram,2024-03-23 04:49:00,politics_news
Why did they kill off my favorite character like that,facebook,2024-08-03 14:37:02,movies_tv
Local town hall meeting addressed the housing issue finally,instagram,2024-06-28 16:00:22,politics_news
New chip benchmarks look really impressive ngl,twitter,2024-02-05 10:16:35,tech_gadgets
Package arrived damaged and they're refusing a replacement,tiktok,2024-04-07 08:15:59,customer_service
"meditation app recommendation please, trying to build a habit",instagram,2024-05-04 17:54:27,mental_health
Trying to eat healthier but the cravings are real,twitter,2024-10-21 16:35:50,food
Delivery driver left the package in the rain again,tiktok,2024-03-11 16:01:09,customer_service
"Lost my whole save file after that crash, devastated",instagram,2024-08-23 14:29:00,gaming
"Overtime thriller, my heart can't take this",reddit,2024-11-13 03:08:19,sports
"Still holding through this volatility, long term plan 😭",tiktok,2024-04-26 04:19:10,crypto_finance
New character is way overpowered ngl needs a nerf,facebook,2024-06-19 00:12:30,gaming
Customer support took three days to even respond to my ticket,facebook,2024-04-13 23:31:33,customer_service
Packing light for once and feeling good about it,reddit,2024-12-01 18:42:33,travel
honestly election coverage has been nonstop on every channel,instagram,2024-02-15 00:28:03,politics_news
"She finally stopped chewing on the furniture, miracle",facebook,2024-08-29 00:59:04,pets_animals
Why did they kill off my favorite character like that,tiktok,2024-12-06 08:20:17,movies_tv
These shoes are comfortable but way overpriced honestly,tiktok,2024-12-09 09:39:57,fashion
"Can't believe he missed that penalty, easy goal too",tiktok,2024-11-26 00:07:45,sports
New collection drop sold out within minutes again,instagram,2024-01-27 06:49:01,fashion
Finally hit my step goal after weeks of trying 💯,twitter,2024-04-30 13:12:39,fitness
This recipe turned out so much better than I expected 😩,twitter,2024-03-29 21:53:31,food
Marathon training is brutal but I'm sticking with it,twitter,2024-04-23 23:37:10,fitness
Therapy session today really helped me process some things 😭,reddit,2024-10-25 00:12:57,mental_health
honestly voter turnout numbers came in higher than expected,facebook,2024-04-18 01:32:22,politics_news
Press conference raised more questions than answers honestly,tiktok,2024-04-14 05:37:39,politics_news
k,twitter,2024-02-19 23:13:46,noise
honestly hidden gem restaurant we found was incredible,tiktok,2024-07-17 14:48:30,travel
Multiplayer lobby took forever to load tonight,tiktok,2024-08-04 23:40:51,gaming
Protest downtown drew a much bigger crowd than expected,reddit,2024-12-06 23:10:54,politics_news
"Market dipped hard again, didn't expect that this week",reddit,2024-09-02 02:50:49,crypto_finance
Live chat agent was super helpful and quick honestly,twitter,2024-06-03 04:58:17,customer_service
This color palette for fall is everything right now,reddit,2024-08-15 07:40:03,fashion
"road trip playlist is locked in, ready to go",instagram,2024-07-15 06:45:13,travel
Hit a new deadlift PR today feeling unstoppable,reddit,2024-06-21 04:37:47,fitness
Support group meeting tonight was exactly what I needed 😂,reddit,2024-03-31 08:33:24,mental_health
Hidden gem restaurant we found was incredible,reddit,2024-10-07 01:54:45,travel
These shoes are comfortable but way overpriced honestly,facebook,2024-08-28 01:11:17,fashion
honestly beach was way more crowded than expected this season,reddit,2024-02-23 10:31:16,travel
Street style at the show this week was unreal,facebook,2024-04-25 12:17:04,fashion
honestly puppy training is rough but progress is happening slowly,tiktok,2024-09-29 07:30:22,pets_animals
Just finished the new season and I have so many questions!!,facebook,2024-12-01 14:35:27,movies_tv
"Lost my whole save file after that crash, devastated",twitter,2024-09-18 12:12:44,gaming
literally me,tiktok,2024-05-10 15:13:40,noise
Vet bill this month was brutal but he's worth it,tiktok,2024-03-16 12:16:03,pets_animals
Sustainable fashion brands deserve more attention honestly,facebook,2024-06-09 20:28:20,fashion
"honestly that plot twist came out of nowhere, didn't see it coming",instagram,2024-04-29 00:44:54,movies_tv
Cardio is rough but the endorphins are so worth it 😭,instagram,2024-08-15 00:29:41,fitness
honestly that live performance gave me actual chills,reddit,2024-01-30 15:54:26,music
Election coverage has been nonstop on every channel,twitter,2024-02-29 08:35:03,politics_news
New regulation news is making the whole market jittery 💯,facebook,2024-10-23 20:45:45,crypto_finance
"servers have been down all night, so frustrating",tiktok,2024-06-29 09:55:07,gaming
Backpacking through here was exhausting but so worth it,twitter,2024-05-05 02:17:59,travel
Support team actually went above and beyond this time,instagram,2024-08-10 22:59:59,customer_service
Baking bread from scratch is way harder than it looks,facebook,2024-11-09 19:18:47,food
"Returned that order, fabric quality was disappointing!!",instagram,2024-08-26 14:53:11,fashion
Travel insurance actually paid off for once,tiktok,2024-12-14 16:12:29,travel
New aquarium setup is finally looking the way I wanted,instagram,2024-08-22 23:03:47,pets_animals
soundtrack alone deserves an award this year,reddit,2024-03-03 21:38:29,movies_tv
New patch notes look promising for balance,facebook,2024-07-28 00:34:45,gaming
Binge watched the whole series in one weekend oops,instagram,2024-09-09 03:21:00,movies_tv
Rewatching the original trilogy and it still holds up,reddit,2024-04-08 22:11:09,movies_tv
Cardio is rough but the endorphins are so worth it 👏,facebook,2024-09-20 01:03:38,fitness
"Finally got the new console, setup was super easy 😩",facebook,2024-01-15 08:42:50,tech_gadgets
"Chat support resolved my issue in like two minutes, impressive",tiktok,2024-06-20 02:39:55,customer_service
Protein shake recipes that actually taste good please!!,instagram,2024-12-12 19:36:48,fitness
Warranty claim got denied for no clear reason 😂,facebook,2024-12-23 17:51:22,customer_service
Backpacking through here was exhausting but so worth it 😂,instagram,2024-10-27 01:51:15,travel
"Tried that new ramen spot downtown, absolutely worth the wait",instagram,2024-02-16 10:19:51,food
Cardio is rough but the endorphins are so worth it,facebook,2024-03-23 06:06:08,fitness
Visa process took way longer than I anticipated,tiktok,2024-12-05 03:33:23,travel
"Watching the finals tonight, who's everyone rooting for",twitter,2024-09-03 20:52:52,sports
Tornado watch issued for the whole county tonight,reddit,2024-04-12 20:51:43,weather_climate
He's playing like a completely different player this season,instagram,2024-03-28 01:54:07,sports
honestly update broke my bluetooth connection completely,twitter,2024-12-07 11:23:33,tech_gadgets
Backpacking through here was exhausting but so worth it,reddit,2024-02-17 15:03:49,travel
"This beat switch caught me off guard, amazing",instagram,2024-04-07 15:15:07,music
Switched to a home workout setup and loving it 😩,instagram,2024-09-28 17:59:26,fitness
this is so relatable,instagram,2024-08-04 15:22:10,noise
"Lost my whole save file after that crash, devastated",tiktok,2024-06-11 18:32:40,gaming
Battery life on this tablet is actually really solid 🔥,facebook,2024-02-04 02:16:08,tech_gadgets
Flooding in the area is way worse than last season,facebook,2024-05-22 02:47:00,weather_climate
jet lag is hitting different this time around,instagram,2024-03-25 13:07:09,travel
New regulations on data privacy are finally being discussed,tiktok,2024-04-13 14:01:01,politics_news
trying to eat healthier but the cravings are real,facebook,2024-07-07 14:30:41,food
Yoga has genuinely helped my back pain so much,tiktok,2024-04-20 21:46:09,fitness
Speedrun community already found a new glitch!!,twitter,2024-05-18 16:21:22,gaming
honestly var ruined the game again smh,reddit,2024-11-01 15:10:03,sports
Booked a last minute trip and honestly no regrets,reddit,2024-03-15 09:17:28,travel
k,instagram,2024-03-04 02:37:43,noise
switched from android to iphone and it's been rough,tiktok,2024-09-09 14:42:09,tech_gadgets
Finally got a human on the phone instead of a bot,reddit,2024-07-12 06:35:41,customer_service
Policy debate online got way too heated for no reason,instagram,2024-03-13 13:15:45,politics_news
Election coverage has been nonstop on every channel!!,reddit,2024-02-24 17:04:29,politics_news
This artist's growth over the years is incredible,instagram,2024-07-20 12:28:40,music
Jet lag is hitting different this time around,tiktok,2024-07-22 00:21:53,travel
Senior dog is slowing down but still so happy,twitter,2024-07-01 15:34:38,pets_animals
"Best comeback I've seen in years, what a game",facebook,2024-09-27 07:51:40,sports
Public transit funding bill passed after months of debate,reddit,2024-09-24 21:04:26,politics_news
This show dragged way too much in the middle episodes,tiktok,2024-05-10 04:10:51,movies_tv
Trying to eat healthier but the cravings are real,instagram,2024-03-06 03:54:29,food
Order never shipped and tracking hasn't updated in days 🔥,tiktok,2024-01-09 07:03:57,customer_service
Battery life on this tablet is actually really solid,reddit,2024-08-29 15:51:18,tech_gadgets
Warranty claim got denied for no clear reason,facebook,2024-11-18 13:27:56,customer_service
Refund process was actually smoother than I expected,instagram,2024-05-16 08:55:08,customer_service
Tour dates just dropped and my city isn't on it ugh 😭,instagram,2024-06-16 06:17:30,music
"Forecast keeps changing every few hours, hard to plan 😭",tiktok,2024-05-01 08:14:05,weather_climate
Finally got a human on the phone instead of a bot,tiktok,2024-09-27 02:44:38,customer_service
Talking to a professional finally instead of bottling it up,tiktok,2024-08-03 06:36:10,mental_health
He slept through the entire thunderstorm somehow,facebook,2024-09-02 08:12:17,pets_animals
honestly whale activity spiking again on the charts,reddit,2024-06-02 12:07:18,crypto_finance
New regulation news is making the whole market jittery,tiktok,2024-09-21 05:46:29,crypto_finance
same,reddit,2024-10-04 03:09:29,noise
Package arrived damaged and they're refusing a replacement,facebook,2024-06-23 05:16:07,customer_service
"Finally got the new console, setup was super easy",twitter,2024-03-09 19:07:17,tech_gadgets
that dessert place raised their prices way too much,reddit,2024-04-27 09:20:17,food
Grateful for friends who check in without being asked,facebook,2024-09-11 08:18:52,mental_health
honestly staking rewards dropped again after the last update,tiktok,2024-05-08 11:11:54,crypto_finance
New patch notes look promising for balance,instagram,2024-02-12 01:51:31,gaming
"Layering pieces for winter, need recommendations",reddit,2024-07-11 08:47:51,fashion
That live performance gave me actual chills,twitter,2024-05-17 08:31:25,music
Cat knocked everything off my desk again this morning,tiktok,2024-06-30 07:01:56,pets_animals
Finally hit my step goal after weeks of trying,tiktok,2024-10-14 10:07:56,fitness
"Finally got the new console, setup was super easy",facebook,2024-11-24 10:54:35,tech_gadgets
Capsule collection collab exceeded my expectations!!,reddit,2024-10-17 00:22:01,fashion
Sleep schedule is a mess and it's affecting everything,instagram,2024-02-04 05:25:48,mental_health
"hurricane warning issued, stocking up on supplies now",facebook,2024-08-09 07:23:01,weather_climate
Anxiety has been rough this week but I'm managing 💯,reddit,2024-08-15 17:29:11,mental_health
Finally beat the final boss after like 20 tries,instagram,2024-08-30 00:13:45,gaming
Burnt the garlic again why do I always do this,instagram,2024-07-25 03:54:09,food
"road trip playlist is locked in, ready to go",facebook,2024-02-20 19:52:26,travel
"Small wins matter, proud of myself for getting out today",instagram,2024-05-30 10:59:02,mental_health
This game's open world is absolutely massive,instagram,2024-07-13 09:48:02,gaming
production on this track is so clean honestly,reddit,2024-05-12 17:10:34,music
Finally found jeans that actually fit properly,tiktok,2024-02-20 21:27:56,fashion
Cross platform play finally works without lag,instagram,2024-10-27 23:11:33,gaming
"Burnout has been so real lately, need a proper break 😭",twitter,2024-06-23 18:03:58,mental_health
honestly cgi looked a little cheap in some scenes,tiktok,2024-05-27 13:56:39,movies_tv
Concert tickets sold out in literally seconds,reddit,2024-03-01 02:11:23,music
k,tiktok,2024-06-04 21:11:55,noise
Coffee shop on main street has the best cold brew,tiktok,2024-04-24 21:43:49,food
honestly festival lineup announcement has me so hyped,twitter,2024-11-29 02:39:06,music
He's playing like a completely different player this season,tiktok,2024-12-25 10:59:08,sports
This brand's customer service was actually really responsive,twitter,2024-08-26 20:17:37,fashion
Software update broke half the features I actually used,facebook,2024-04-21 22:23:04,tech_gadgets
This brand's customer service was actually really responsive,twitter,2024-12-30 15:27:42,fashion
Took him to the dog park and he made so many friends,twitter,2024-09-12 09:50:20,pets_animals
Finally found jeans that actually fit properly 👏,facebook,2024-02-10 23:41:36,fashion
"Still holding through this volatility, long term plan",tiktok,2024-07-16 09:08:54,crypto_finance
Air quality has been really bad this whole week 😭,tiktok,2024-12-09 21:00:30,weather_climate
injury report not looking good for our star player,instagram,2024-04-18 04:46:07,sports
App support response time has gotten so much worse lately,twitter,2024-09-10 06:25:51,customer_service
Casting choice for the lead was perfect,instagram,2024-10-04 09:54:12,movies_tv
Our team needs a new coach asap this season is a disaster!!,reddit,2024-10-15 01:18:48,sports
City council vote got postponed again this week!!,tiktok,2024-03-26 06:57:42,politics_news
"Finally got the new console, setup was super easy",tiktok,2024-08-05 01:33:40,tech_gadgets
Sleep schedule is a mess and it's affecting everything,tiktok,2024-09-06 17:07:05,mental_health
Vet bill this month was brutal but he's worth it,twitter,2024-06-16 05:32:58,pets_animals
Homemade pizza night was a complete success tonight!!,facebook,2024-11-19 19:03:58,food
new collection drop sold out within minutes again,reddit,2024-08-02 08:56:26,fashion
This DLC adds so much content for the price 🔥,facebook,2024-05-24 01:38:23,gaming
Therapy session today really helped me process some things,twitter,2024-04-09 09:23:02,mental_health
Billing error charged me twice and nobody can explain why,tiktok,2024-01-11 04:42:12,customer_service
????,tiktok,2024-07-25 17:46:00,noise
booked a last minute trip and honestly no regrets,facebook,2024-06-25 04:17:06,travel
Return policy is way too strict for online orders,facebook,2024-01-30 05:50:27,customer_service
This game's open world is absolutely massive 😭,twitter,2024-12-15 02:35:05,gaming
Rewatching the original trilogy and it still holds up,twitter,2024-06-21 07:23:01,movies_tv
Protest downtown drew a much bigger crowd than expected,twitter,2024-07-05 00:26:05,politics_news
Trying to build a capsule wardrobe this year,facebook,2024-08-19 14:56:06,fashion
Controller drift is getting unbearable at this point,reddit,2024-09-17 05:56:15,gaming
CGI looked a little cheap in some scenes,reddit,2024-09-18 06:54:36,movies_tv
My cat refuses to eat anything but one specific brand,twitter,2024-06-24 12:59:45,pets_animals
Gas fees are out of control on this network right now,twitter,2024-10-09 10:23:45,crypto_finance
Baking bread from scratch is way harder than it looks 😩,tiktok,2024-07-23 23:11:13,food
@someone check this out,instagram,2024-11-05 10:17:35,noise
"That plot twist came out of nowhere, didn't see it coming",facebook,2024-08-19 18:00:39,movies_tv
